date,character_name,platform,search_volume,mention_count,avg_rating,sales_amount
2026-04-13,우사기,팝업스토어,6126.0,8290,4.31,5025208
2026-06-29,우사기,팝업스토어,6122.0,1327,4.81,5790717
2026-04-03,우사기,공식 온라인몰,19030.0,4031,4.6,1018349
2026-01-15,하치와레,오프라인 편집숍,18302.0,7647,4.71,3381990
2026-04-17,치이카와,공식 온라인몰,20181.0,4951,4.49,1297968
2026-03-13,치이카와,팝업스토어,,4376,4.54,8392861
2026-07-08,치이카와,오프라인 편집숍,2531.0,6459,4.77,8967691
2026-01-21,우사기,팝업스토어,41940.0,626,3.87,6711411
2026-04-13,하치와레,팝업스토어,41441.0,3677,4.23,3155971
2026-05-02,치이카와,팝업스토어,24333.0,9295,3.83,6109125
2026-07-30,하치와레,팝업스토어,40650.0,6524,4.98,12886223
2026-08-03,치이카와,네이버 스마트스토어,35674.0,5609,4.92,14730520
2026-03-16,우사기,공식 온라인몰,36854.0,4646,3.56,3374299
2026-07-22,우사기,공식 온라인몰,,7696,4.56,7839838
2026-03-29,치이카와,팝업스토어,9152.0,3868,4.89,13736949
2026-04-27,쿠리만쥬,네이버 스마트스토어,39518.0,4297,3.77,99999999
2026-04-10,하치와레,팝업스토어,46540.0,2292,,14967188
2026-04-14,쿠리만쥬,공식 온라인몰,11267.0,6232,4.87,2304673
2026-06-01,하치와레,팝업스토어,26289.0,3976,3.55,3438199
2026-05-11,치이카와,네이버 스마트스토어,2062.0,3917,4.55,8094378
2026-05-30,하치와레,공식 온라인몰,30926.0,2145,3.95,9498604
2026-02-22,우사기,공식 온라인몰,7229.0,9897,4.89,5409776
2026-01-02,우사기,팝업스토어,48915.0,3530,4.96,9667121
2026-03-29,우사기,팝업스토어,5632.0,3372,4.92,3803389
2026-08-24,하치와레,공식 온라인몰,40056.0,3572,4.21,8525407
2026-06-07,우사기,공식 온라인몰,4596.0,2354,4.79,4854385
2026-02-07,우사기,공식 온라인몰,45243.0,4521,4.77,9277198
2026-05-10,치이카와,공식 온라인몰,7168.0,5162,3.98,10654590
2026-07-11,하치와레,오프라인 편집숍,43563.0,7014,4.74,13976005
2026-07-07,치이카와,네이버 스마트스토어,8561.0,5531,3.56,11667263
2026-01-21,카니,공식 온라인몰,9258.0,3208,4.39,3651882
2026-06-10,우사기,오프라인 편집숍,17616.0,7612,3.85,14042104
2026-07-23,쿠리만쥬,팝업스토어,27734.0,8893,3.68,3710016
2026-02-27,하치와레,팝업스토어,7371.0,4007,3.62,11268485
2026-01-22,카니,팝업스토어,27069.0,6956,4.54,7237320
2026-08-24,모몽가,공식 온라인몰,15369.0,4712,4.01,2889383
2026-03-30,치이카와,공식 온라인몰,13910.0,8470,4.59,7496746
2026-02-18,우사기,팝업스토어,8943.0,9266,3.6,664053
2026-08-07,우사기,팝업스토어,13199.0,1036,,13676498
2026-02-28,시사,공식 온라인몰,16728.0,2125,,14964087
2026-06-19,하치와레,오프라인 편집숍,,8473,4.69,6473544
2026-08-08,치이카와,네이버 스마트스토어,7738.0,9077,3.98,5782379
2026-07-07,우사기,공식 온라인몰,500000.0,8570,4.44,10325144
2026-07-27,카니,오프라인 편집숍,36240.0,9166,4.83,3042637
2026-01-15,하치와레,오프라인 편집숍,20123.0,9109,4.42,8533951
2026-07-09,치이카와,오프라인 편집숍,49447.0,6990,3.85,12279534
2026-07-09,랏코,공식 온라인몰,35529.0,4100,3.54,12501871
2026-06-24,하치와레,네이버 스마트스토어,11167.0,7283,,8607317
2026-07-09,우사기,팝업스토어,11554.0,9646,3.53,4658549
2026-02-20,카니,네이버 스마트스토어,18260.0,5471,4.81,14752123
2026-04-18,우사기,오프라인 편집숍,48045.0,1705,4.29,14442419
2026-02-24,우사기,팝업스토어,4812.0,2490,4.91,10234816
2026-09-01,치이카와,네이버 스마트스토어,29024.0,5799,4.7,5030889
2026-03-05,우사기,네이버 스마트스토어,28285.0,4072,5.0,10667207
2026-09-06,우사기,네이버 스마트스토어,27900.0,6475,4.03,8911039
2026-05-11,치이카와,팝업스토어,2605.0,6820,4.65,10131739
2026-08-17,치이카와,공식 온라인몰,6622.0,4880,4.1,9535616
2026-02-20,쿠리만쥬,공식 온라인몰,7767.0,5257,4.22,9462049
2026-05-15,우사기,네이버 스마트스토어,28139.0,3213,4.44,13351424
2026-01-21,하치와레,공식 온라인몰,12613.0,6088,4.81,8784960
2026-03-14,쿠리만쥬,팝업스토어,11589.0,1466,4.98,13258988
2026-06-16,쿠리만쥬,공식 온라인몰,,5444,4.65,2549949
2026-01-18,우사기,팝업스토어,21119.0,3932,4.13,8888512
2026-05-12,시사,네이버 스마트스토어,28446.0,1188,4.13,1768300
2026-03-30,치이카와,네이버 스마트스토어,14046.0,4743,4.61,2447763
2026-03-01,하치와레,공식 온라인몰,25818.0,4201,3.86,10518457
2026-01-14,우사기,오프라인 편집숍,36358.0,9033,3.67,10773685
2026-08-30,카니,팝업스토어,5324.0,5682,4.03,8154502
2026-09-07,시사,공식 온라인몰,11787.0,7204,3.93,4382149
2026-01-09,하치와레,네이버 스마트스토어,10111.0,4922,3.94,5373062
2026-03-31,시사,팝업스토어,39110.0,2259,3.85,7545209
2026-02-22,시사,공식 온라인몰,17389.0,9681,3.56,8939469
2026-05-10,랏코,네이버 스마트스토어,42427.0,2982,3.53,8178073
2026-03-25,모몽가,공식 온라인몰,15043.0,8558,4.98,5345710
2026-04-02,우사기,공식 온라인몰,29746.0,1451,4.14,4500737
2026-04-21,우사기,팝업스토어,23350.0,9414,4.08,9609609
2026-07-07,하치와레,공식 온라인몰,42605.0,2579,4.52,10879691
2026-07-18,랏코,팝업스토어,1117.0,3217,3.83,13407824
2026-06-21,쿠리만쥬,팝업스토어,47685.0,5024,4.92,10512519
2026-01-08,하치와레,네이버 스마트스토어,19935.0,8977,4.68,13927004
2026-06-24,하치와레,네이버 스마트스토어,48077.0,7811,3.63,14891234
2026-02-04,우사기,네이버 스마트스토어,14234.0,7686,4.13,7758746
2026-07-25,하치와레,네이버 스마트스토어,39328.0,2565,4.82,1943717
2026-03-22,쿠리만쥬,팝업스토어,1846.0,1268,4.92,4909352
2026-06-13,치이카와,공식 온라인몰,11954.0,5990,4.2,11746341
2026-02-19,치이카와,팝업스토어,14703.0,7145,4.42,14773608
2026-04-14,우사기,팝업스토어,49153.0,5583,3.75,5611142
2026-05-12,치이카와,공식 온라인몰,47514.0,5732,4.99,10094271
2026-01-02,하치와레,팝업스토어,23700.0,6297,3.85,8921928
2026-05-14,우사기,팝업스토어,33043.0,9638,4.91,9215633
2026-02-23,우사기,네이버 스마트스토어,7469.0,5426,4.47,7406571
2026-04-16,하치와레,오프라인 편집숍,31105.0,6516,4.41,9252967
2026-01-04,우사기,팝업스토어,43101.0,3835,4.27,14026705
2026-02-23,우사기,공식 온라인몰,27386.0,8538,3.85,1808507
2026-08-09,우사기,공식 온라인몰,46587.0,5373,3.76,4566621
2026-07-10,하치와레,오프라인 편집숍,37976.0,1981,3.83,9831795
2026-05-26,우사기,오프라인 편집숍,40051.0,6805,3.78,12882318
2026-08-06,쿠리만쥬,공식 온라인몰,3048.0,3951,4.67,10486298
2026-02-13,우사기,팝업스토어,40001.0,554,4.03,600734
2026-06-11,랏코,공식 온라인몰,13941.0,8143,3.59,9046310
2026-07-21,하치와레,공식 온라인몰,,3962,4.95,3351274
2026-07-09,하치와레,공식 온라인몰,43533.0,1332,4.83,1725811
2026-08-16,우사기,공식 온라인몰,,6454,4.89,10035695
2026-01-14,우사기,오프라인 편집숍,,9019,4.99,3581091
2026-04-05,시사,팝업스토어,21618.0,7721,3.76,4329049
2026-02-17,치이카와,공식 온라인몰,33254.0,3810,4.09,11591989
2026-01-15,우사기,네이버 스마트스토어,40756.0,3800,4.64,13812409
2026-07-19,우사기,오프라인 편집숍,48362.0,7222,4.54,2368670
2026-07-25,모몽가,오프라인 편집숍,21128.0,7718,3.73,13181730
2026-08-03,치이카와,공식 온라인몰,46745.0,8276,4.72,7765406
2026-09-06,쿠리만쥬,공식 온라인몰,1009.0,4175,3.84,13235272
2026-07-09,우사기,공식 온라인몰,17644.0,3554,3.84,5313673
2026-02-09,하치와레,공식 온라인몰,23422.0,8470,4.31,5255469
2026-08-01,시사,공식 온라인몰,10865.0,2643,4.39,9821425
2026-07-27,우사기,팝업스토어,3219.0,5707,4.37,8051989
2026-08-25,쿠리만쥬,공식 온라인몰,40809.0,3038,3.64,4835702
2026-03-23,하치와레,공식 온라인몰,6287.0,5047,4.82,8474411
2026-04-21,우사기,공식 온라인몰,35387.0,6119,3.9,14650540
2026-02-22,우사기,공식 온라인몰,9512.0,8856,3.69,12166968
2026-01-24,쿠리만쥬,공식 온라인몰,2342.0,7112,4.83,3462732
2026-06-03,치이카와,팝업스토어,44336.0,5505,4.93,11068946
2026-08-05,하치와레,공식 온라인몰,20216.0,1322,4.79,2492825
2026-07-07,치이카와,공식 온라인몰,28534.0,1443,4.71,4332978
2026-05-04,하치와레,팝업스토어,15231.0,6650,,14282582
2026-08-25,우사기,팝업스토어,33293.0,4925,4.33,6652941
2026-02-10,하치와레,공식 온라인몰,27614.0,9466,3.63,4615811
2026-06-06,하치와레,공식 온라인몰,37258.0,2698,4.11,9483212
2026-01-15,카니,공식 온라인몰,29253.0,4742,4.06,10938535
2026-02-14,랏코,오프라인 편집숍,43078.0,4195,3.89,3674108
2026-03-06,치이카와,팝업스토어,41752.0,3952,4.59,3231638
2026-03-30,치이카와,팝업스토어,18988.0,9606,4.24,764500
2026-03-12,우사기,오프라인 편집숍,32037.0,1808,3.62,11056086
2026-01-09,하치와레,공식 온라인몰,13219.0,4677,3.83,3476031
2026-03-29,하치와레,네이버 스마트스토어,1235.0,9205,4.52,9527890
2026-05-09,하치와레,팝업스토어,43929.0,7352,3.61,7012427
2026-08-24,하치와레,공식 온라인몰,2908.0,6535,4.78,3403633
2026-05-16,카니,팝업스토어,9567.0,4094,4.24,6211813
2026-08-04,치이카와,네이버 스마트스토어,37298.0,5341,4.22,2440369
2026-03-04,우사기,팝업스토어,6256.0,1909,4.39,4448242
2026-05-19,우사기,오프라인 편집숍,20019.0,5066,4.74,8627125
2026-08-31,하치와레,공식 온라인몰,9162.0,4991,4.02,1717060
2026-03-22,하치와레,네이버 스마트스토어,6415.0,2055,4.52,1531519
2026-05-16,하치와레,공식 온라인몰,37159.0,1304,4.35,9677960
2026-06-12,우사기,네이버 스마트스토어,44925.0,1779,3.9,5178714
2026-06-12,치이카와,팝업스토어,6951.0,7583,4.82,8609698
2026-02-02,치이카와,공식 온라인몰,22852.0,6486,4.7,1890281
2026-05-03,우사기,공식 온라인몰,9007.0,6119,4.49,4441106
2026-01-05,치이카와,공식 온라인몰,42832.0,1887,4.78,2822466
2026-08-22,치이카와,공식 온라인몰,31523.0,3179,4.8,8278748
2026-08-19,하치와레,공식 온라인몰,24325.0,2606,4.56,8599932
2026-09-07,치이카와,팝업스토어,22204.0,8673,4.76,2351317
2026-02-10,시사,팝업스토어,16524.0,4723,4.55,14711006
2026-01-28,치이카와,네이버 스마트스토어,20282.0,5331,4.52,2446830
2026-05-15,우사기,오프라인 편집숍,24930.0,3268,4.43,3114150
2026-07-20,하치와레,팝업스토어,,3686,4.63,7738987
2026-03-13,우사기,네이버 스마트스토어,41345.0,3073,3.74,10457168
2026-01-12,하치와레,네이버 스마트스토어,21611.0,3099,4.82,5160061
2026-06-11,치이카와,공식 온라인몰,17984.0,4533,4.81,3105214
2026-02-02,쿠리만쥬,공식 온라인몰,15060.0,8928,3.54,8423641
2026-02-17,카니,공식 온라인몰,18449.0,1804,4.74,2729180
2026-09-04,시사,공식 온라인몰,19520.0,7868,3.69,11217207
2026-05-31,하치와레,공식 온라인몰,44303.0,6377,4.0,9884451
2026-03-03,치이카와,공식 온라인몰,10510.0,1801,4.62,4688891
2026-08-04,하치와레,네이버 스마트스토어,30287.0,3041,3.74,9514653
2026-02-06,우사기,네이버 스마트스토어,29173.0,2551,4.73,14564147
2026-04-09,하치와레,공식 온라인몰,40711.0,7309,4.75,4531419
2026-06-21,카니,공식 온라인몰,12954.0,9133,4.26,4995511
2026-04-14,하치와레,공식 온라인몰,8804.0,9496,3.51,1924945
2026-08-02,쿠리만쥬,팝업스토어,7565.0,574,3.93,10280146
2026-08-07,우사기,팝업스토어,6984.0,7481,4.43,2863999
2026-02-04,카니,네이버 스마트스토어,22526.0,5975,4.97,9609096
2026-07-12,치이카와,공식 온라인몰,38438.0,8732,4.45,5290691
2026-08-15,하치와레,네이버 스마트스토어,,7684,3.89,9307673
2026-04-11,우사기,오프라인 편집숍,10184.0,6296,4.45,11672980
2026-06-24,치이카와,공식 온라인몰,20096.0,7641,4.31,4725889
2026-07-25,치이카와,네이버 스마트스토어,,2122,4.67,10352415
2026-05-11,쿠리만쥬,팝업스토어,35016.0,8541,3.66,3592195
2026-01-01,우사기,팝업스토어,12246.0,841,4.64,10505057
2026-01-05,치이카와,팝업스토어,46558.0,2574,4.31,789102
2026-08-06,하치와레,네이버 스마트스토어,19381.0,8492,4.94,10225345
2026-09-04,하치와레,팝업스토어,37455.0,1145,4.01,11948614
2026-05-22,우사기,네이버 스마트스토어,27727.0,4763,4.45,11265682
2026-04-13,하치와레,오프라인 편집숍,5018.0,9301,4.9,11686361
2026-01-27,치이카와,팝업스토어,12302.0,6636,3.65,9979413
2026-05-17,치이카와,오프라인 편집숍,2970.0,9146,4.91,4943778
2026-07-26,하치와레,팝업스토어,42157.0,3469,4.53,8543756
2026-01-15,우사기,팝업스토어,28202.0,3528,,4662065
2026-03-31,치이카와,팝업스토어,32110.0,8143,3.95,11898695
2026-02-11,랏코,공식 온라인몰,18586.0,3181,4.56,760116
2026-05-04,하치와레,네이버 스마트스토어,25519.0,4129,3.6,11857070
2026-07-24,치이카와,팝업스토어,32273.0,4725,,6586368
2026-06-28,치이카와,팝업스토어,22951.0,3567,4.02,11930754
2026-03-04,치이카와,오프라인 편집숍,16374.0,6441,4.43,11506745
2026-04-06,랏코,공식 온라인몰,6788.0,1886,3.57,4714279
2026-08-19,우사기,팝업스토어,6408.0,3366,4.81,13240707
2026-08-29,우사기,팝업스토어,26053.0,5288,4.96,12450831
2026-02-21,우사기,네이버 스마트스토어,10446.0,5990,4.95,1757949
2026-04-06,하치와레,팝업스토어,1922.0,4624,4.62,14107851
2026-05-12,우사기,네이버 스마트스토어,34187.0,8840,3.7,8037165
2026-08-10,치이카와,네이버 스마트스토어,11789.0,4350,4.64,11860589
2026-08-17,우사기,공식 온라인몰,33184.0,5915,3.54,4350241
2026-05-31,치이카와,공식 온라인몰,2120.0,8179,3.53,6038166
2026-08-19,치이카와,팝업스토어,45028.0,7319,3.99,12847684
2026-08-25,하치와레,공식 온라인몰,33154.0,9828,4.23,12622948
2026-05-23,치이카와,공식 온라인몰,18334.0,8878,4.66,12210373
2026-06-20,치이카와,팝업스토어,3336.0,9942,4.52,888076
2026-01-29,하치와레,공식 온라인몰,39141.0,1833,4.17,5384797
2026-02-05,쿠리만쥬,팝업스토어,3243.0,4650,3.91,11997852
2026-01-13,치이카와,팝업스토어,20029.0,7266,5.0,13705517
2026-06-09,치이카와,팝업스토어,33265.0,3211,4.14,13808407
2026-03-12,모몽가,팝업스토어,38380.0,5353,,6040070
2026-07-06,카니,팝업스토어,47714.0,6712,3.75,11087219
2026-08-31,하치와레,공식 온라인몰,44872.0,7979,4.69,13844897
2026-03-27,우사기,팝업스토어,47197.0,5908,4.54,6991878
2026-01-28,우사기,팝업스토어,24710.0,8215,3.83,14963813
2026-03-07,치이카와,네이버 스마트스토어,30486.0,9442,3.62,2460826
2026-06-19,랏코,팝업스토어,7371.0,2262,4.52,3344664
2026-02-14,시사,오프라인 편집숍,,7601,4.48,3113275
2026-03-03,하치와레,팝업스토어,41631.0,8174,3.91,1878369
2026-07-04,치이카와,공식 온라인몰,36996.0,6622,4.93,11312578
2026-09-02,랏코,네이버 스마트스토어,21103.0,981,3.73,2590212
2026-05-14,우사기,공식 온라인몰,15382.0,653,4.15,5730852
2026-01-28,우사기,공식 온라인몰,19755.0,8117,4.92,4671774
2026-01-28,우사기,공식 온라인몰,36659.0,2024,4.13,11130592
2026-04-18,우사기,팝업스토어,4756.0,2620,4.46,652999
2026-02-13,랏코,팝업스토어,21609.0,2843,4.1,5042923
2026-03-25,랏코,공식 온라인몰,49538.0,5636,,8949975
2026-01-30,시사,네이버 스마트스토어,17478.0,6260,4.98,9641923
2026-07-09,우사기,공식 온라인몰,36442.0,1740,4.11,5100108
2026-03-16,카니,공식 온라인몰,40666.0,560,4.84,11893942
2026-05-08,우사기,공식 온라인몰,11147.0,9630,3.84,3354190
2026-09-07,우사기,공식 온라인몰,34561.0,2139,3.82,1784382
2026-09-04,치이카와,팝업스토어,35884.0,6685,3.55,7696042
2026-04-02,카니,팝업스토어,,8470,4.48,4353321
2026-08-05,카니,팝업스토어,13298.0,1752,4.05,14176226
2026-08-19,우사기,공식 온라인몰,15153.0,4703,4.8,3154837
2026-07-09,카니,공식 온라인몰,44879.0,8863,4.21,8184365
2026-08-13,우사기,공식 온라인몰,11789.0,4049,4.95,12372847
2026-05-09,치이카와,네이버 스마트스토어,45165.0,4697,3.78,1542377
2026-05-01,하치와레,공식 온라인몰,13999.0,7509,4.8,5077033
2026-01-27,치이카와,팝업스토어,1814.0,7167,4.66,6605931
2026-07-09,하치와레,오프라인 편집숍,11541.0,2822,4.66,3757181
2026-05-01,치이카와,팝업스토어,25938.0,4590,4.77,5762696
2026-04-26,우사기,오프라인 편집숍,3443.0,7460,4.64,5654048
2026-07-24,하치와레,공식 온라인몰,11457.0,3504,,1423780
2026-08-21,우사기,네이버 스마트스토어,11380.0,5636,3.7,11755059
2026-01-03,하치와레,팝업스토어,8783.0,829,3.55,8861735
2026-04-13,우사기,네이버 스마트스토어,45241.0,4140,4.88,14548203
2026-07-17,하치와레,공식 온라인몰,18368.0,8482,4.42,11356760
2026-07-19,하치와레,공식 온라인몰,16328.0,4607,4.69,13296479
